{"count":50,"results":[{"id":1,"user_id":1,"team_id":1,"name":"Hint 10","description":"Hint for Intern Workstation","date":"2025-05-01T20:07:16.746194","value":-10,"category":"hints","icon":null,"requirements":null,"type":"standard"},{"id":2,"user_id":1,"team_id":1,"name":"Hint 11","description":"Hint for Intern Workstation","date":"2025-05-01T20:07:22.810539","value":-15,"category":"hints","icon":null,"requirements":null,"type":"standard"},{"id":3,"user_id":1,"team_id":1,"name":"Hint 12","description":"Hint for Intern Workstation","date":"2025-05-01T20:07:29.620355","value":-30,"category":"hints","icon":null,"requirements":null,"type":"standard"},{"id":4,"user_id":1,"team_id":1,"name":"Hint 4","description":"Hint for Email Server","date":"2025-05-02T21:19:05.143524","value":-150,"category":"hints","icon":null,"requirements":null,"type":"standard"},{"id":5,"user_id":1,"team_id":1,"name":"Hint 6","description":"Hint for Email Server","date":"2025-05-02T21:21:20.078911","value":-400,"category":"hints","icon":null,"requirements":null,"type":"standard"},{"id":6,"user_id":1,"team_id":1,"name":"Hint 5","description":"Hint for Email Server","date":"2025-05-02T21:21:26.951466","value":-250,"category":"hints","icon":null,"requirements":null,"type":"standard"},{"id":7,"user_id":10,"team_id":6,"name":"Hint 10","description":"Hint for Intern Workstation","date":"2025-05-03T14:38:56.542370","value":-100,"category":"hints","icon":null,"requirements":null,"type":"standard"},{"id":8,"user_id":15,"team_id":8,"name":"Hint 10","description":"Hint for Intern Workstation","date":"2025-05-03T15:01:01.896395","value":-100,"category":"hints","icon":null,"requirements":null,"type":"standard"},{"id":9,"user_id":15,"team_id":8,"name":"Hint 11","description":"Hint for Intern Workstation","date":"2025-05-03T15:02:56.992006","value":-150,"category":"hints","icon":null,"requirements":null,"type":"standard"},{"id":10,"user_id":15,"team_id":8,"name":"Hint 12","description":"Hint for Intern Workstation","date":"2025-05-03T15:25:04.217428","value":-300,"category":"hints","icon":null,"requirements":null,"type":"standard"},{"id":11,"user_id":17,"team_id":9,"name":"Hint 10","description":"Hint for Intern Workstation","date":"2025-05-03T15:56:59.693827","value":-100,"category":"hints","icon":null,"requirements":null,"type":"standard"},{"id":12,"user_id":26,"team_id":12,"name":"Hint 1","description":"Hint for Library Terminal","date":"2025-05-03T16:03:34.908027","value":-100,"category":"hints","icon":null,"requirements":null,"type":"standard"},{"id":13,"user_id":15,"team_id":8,"name":"Hint 1","description":"Hint for Library Terminal","date":"2025-05-03T16:07:35.047682","value":-100,"category":"hints","icon":null,"requirements":null,"type":"standard"},{"id":14,"user_id":11,"team_id":6,"name":"Hint 1","description":"Hint for Library Terminal","date":"2025-05-03T16:52:00.876144","value":-100,"category":"hints","icon":null,"requirements":null,"type":"standard"},{"id":15,"user_id":11,"team_id":6,"name":"Hint 2","description":"Hint for Library Terminal","date":"2025-05-03T16:54:37.781517","value":-150,"category":"hints","icon":null,"requirements":null,"type":"standard"},{"id":16,"user_id":11,"team_id":6,"name":"Hint 3","description":"Hint for Library Terminal","date":"2025-05-03T16:54:39.996913","value":-300,"category":"hints","icon":null,"requirements":null,"type":"standard"},{"id":17,"user_id":11,"team_id":6,"name":"Hint 4","description":"Hint for Email Server","date":"2025-05-03T16:56:33.779661","value":-150,"category":"hints","icon":null,"requirements":null,"type":"standard"},{"id":18,"user_id":15,"team_id":8,"name":"Hint 13","description":"Hint for Management Server","date":"2025-05-03T17:03:24.340134","value":-150,"category":"hints","icon":null,"requirements":null,"type":"standard"},{"id":19,"user_id":7,"team_id":2,"name":"Hint 1","description":"Hint for Library Terminal","date":"2025-05-03T17:29:33.175599","value":-100,"category":"hints","icon":null,"requirements":null,"type":"standard"},{"id":20,"user_id":15,"team_id":8,"name":"Hint 14","description":"Hint for Management Server","date":"2025-05-03T17:38:16.906041","value":-250,"category":"hints","icon":null,"requirements":null,"type":"standard"},{"id":21,"user_id":5,"team_id":3,"name":"Hint 4","description":"Hint for Email Server","date":"2025-05-03T18:17:06.062336","value":-150,"category":"hints","icon":null,"requirements":null,"type":"standard"},{"id":22,"user_id":15,"team_id":8,"name":"Hint 15","description":"Hint for Management Server","date":"2025-05-03T18:17:51.773075","value":-400,"category":"hints","icon":null,"requirements":null,"type":"standard"},{"id":23,"user_id":18,"team_id":9,"name":"Hint 13","description":"Hint for Management Server","date":"2025-05-03T19:07:24.725604","value":-150,"category":"hints","icon":null,"requirements":null,"type":"standard"},{"id":24,"user_id":18,"team_id":9,"name":"Hint 14","description":"Hint for Management Server","date":"2025-05-03T19:07:32.123600","value":-250,"category":"hints","icon":null,"requirements":null,"type":"standard"},{"id":25,"user_id":18,"team_id":9,"name":"Hint 15","description":"Hint for Management Server","date":"2025-05-03T19:07:42.075005","value":-400,"category":"hints","icon":null,"requirements":null,"type":"standard"},{"id":26,"user_id":7,"team_id":2,"name":"Hint 4","description":"Hint for Email Server","date":"2025-05-03T19:33:17.033309","value":-150,"category":"hints","icon":null,"requirements":null,"type":"standard"},{"id":27,"user_id":7,"team_id":2,"name":"Hint 5","description":"Hint for Email Server","date":"2025-05-03T19:33:26.840878","value":-250,"category":"hints","icon":null,"requirements":null,"type":"standard"},{"id":28,"user_id":5,"team_id":3,"name":"Hint 5","description":"Hint for Email Server","date":"2025-05-03T19:53:18.728388","value":-250,"category":"hints","icon":null,"requirements":null,"type":"standard"},{"id":29,"user_id":11,"team_id":6,"name":"Hint 16","description":"Hint for Certificate Server","date":"2025-05-03T19:54:48.365546","value":-250,"category":"hints","icon":null,"requirements":null,"type":"standard"},{"id":30,"user_id":7,"team_id":2,"name":"Hint 6","description":"Hint for Email Server","date":"2025-05-03T19:55:07.093621","value":-400,"category":"hints","icon":null,"requirements":null,"type":"standard"},{"id":31,"user_id":7,"team_id":2,"name":"Hint 7","description":"Hint for Vault Server","date":"2025-05-03T20:12:20.439555","value":-250,"category":"hints","icon":null,"requirements":null,"type":"standard"},{"id":32,"user_id":11,"team_id":6,"name":"Hint 5","description":"Hint for Email Server","date":"2025-05-03T20:19:57.075279","value":-250,"category":"hints","icon":null,"requirements":null,"type":"standard"},{"id":33,"user_id":2,"team_id":2,"name":"Hint 13","description":"Hint for Management Server","date":"2025-05-03T20:29:31.063716","value":-150,"category":"hints","icon":null,"requirements":null,"type":"standard"},{"id":34,"user_id":5,"team_id":3,"name":"Hint 7","description":"Hint for Vault Server","date":"2025-05-03T20:29:40.775672","value":-250,"category":"hints","icon":null,"requirements":null,"type":"standard"},{"id":35,"user_id":10,"team_id":6,"name":"Hint 13","description":"Hint for Management Server","date":"2025-05-03T20:34:36.239958","value":-150,"category":"hints","icon":null,"requirements":null,"type":"standard"},{"id":36,"user_id":7,"team_id":2,"name":"Hint 14","description":"Hint for Management Server","date":"2025-05-03T21:03:49.676283","value":-250,"category":"hints","icon":null,"requirements":null,"type":"standard"},{"id":37,"user_id":10,"team_id":6,"name":"Hint 14","description":"Hint for Management Server","date":"2025-05-03T21:03:59.445850","value":-250,"category":"hints","icon":null,"requirements":null,"type":"standard"},{"id":38,"user_id":15,"team_id":8,"name":"Hint 2","description":"Hint for Library Terminal","date":"2025-05-03T21:04:42.498799","value":-150,"category":"hints","icon":null,"requirements":null,"type":"standard"},{"id":39,"user_id":36,"team_id":13,"name":"Hint 7","description":"Hint for Vault Server","date":"2025-05-03T21:05:20.919288","value":-250,"category":"hints","icon":null,"requirements":null,"type":"standard"},{"id":40,"user_id":10,"team_id":6,"name":"Hint 17","description":"Hint for Certificate Server","date":"2025-05-03T21:05:29.645272","value":-350,"category":"hints","icon":null,"requirements":null,"type":"standard"},{"id":41,"user_id":10,"team_id":6,"name":"Hint 15","description":"Hint for Management Server","date":"2025-05-03T21:06:11.345372","value":-400,"category":"hints","icon":null,"requirements":null,"type":"standard"},{"id":42,"user_id":6,"team_id":2,"name":"Hint 16","description":"Hint for Certificate Server","date":"2025-05-03T21:06:13.010058","value":-250,"category":"hints","icon":null,"requirements":null,"type":"standard"},{"id":43,"user_id":32,"team_id":7,"name":"Hint 1","description":"Hint for Library Terminal","date":"2025-05-03T21:10:02.718965","value":-100,"category":"hints","icon":null,"requirements":null,"type":"standard"},{"id":44,"user_id":32,"team_id":7,"name":"Hint 2","description":"Hint for Library Terminal","date":"2025-05-03T21:10:46.517439","value":-150,"category":"hints","icon":null,"requirements":null,"type":"standard"},{"id":45,"user_id":16,"team_id":9,"name":"Hint 4","description":"Hint for Email Server","date":"2025-05-03T21:15:45.164401","value":-150,"category":"hints","icon":null,"requirements":null,"type":"standard"},{"id":46,"user_id":7,"team_id":2,"name":"Hint 15","description":"Hint for Management Server","date":"2025-05-03T21:16:30.254811","value":-400,"category":"hints","icon":null,"requirements":null,"type":"standard"},{"id":47,"user_id":32,"team_id":7,"name":"Hint 3","description":"Hint for Library Terminal","date":"2025-05-03T21:22:00.000646","value":-300,"category":"hints","icon":null,"requirements":null,"type":"standard"},{"id":48,"user_id":15,"team_id":8,"name":"Hint 3","description":"Hint for Library Terminal","date":"2025-05-03T21:35:02.009351","value":-300,"category":"hints","icon":null,"requirements":null,"type":"standard"},{"id":49,"user_id":5,"team_id":3,"name":"Hint 8","description":"Hint for Vault Server","date":"2025-05-03T21:51:03.424301","value":-350,"category":"hints","icon":null,"requirements":null,"type":"standard"},{"id":50,"user_id":5,"team_id":3,"name":"Hint 9","description":"Hint for Vault Server","date":"2025-05-03T21:51:14.967452","value":-600,"category":"hints","icon":null,"requirements":null,"type":"standard"}],"meta":{}}