{"count":18,"results":[{"id":1,"name":"Pre-Survey","description":"Thank you for taking the time to particpate in our research! As part of our study, we ask that you fill out this quick survey before starting. The flag is the message at the end of the survey.","max_attempts":2,"value":0,"category":"Intro","type":"standard","state":"visible","requirements":null,"connection_info":null,"next_id":null,"attribution":null},{"id":2,"name":"Library Terminal","description":"Our Library Terminal is the homepage for all our readers. Instead of coming into the library or using some online book website, our Intern, Stewie, created an online terminal that is easy to use and get a preview of books! He also set it up so that if you like the book, you can grab it from the same place as well! The new age of reading is here.\r\n\r\nOn a side note, due to limited resources, Stewie placed this terminal on the same computer our employees use to store their files\u2026 but I\u2019m sure he secured it, the great intern he is. I know Admin Mickey had some files he didn\u2019t want to get out there\u2026","max_attempts":3,"value":1000,"category":"Linux","type":"standard","state":"visible","requirements":{"prerequisites":[1]},"connection_info":null,"next_id":null,"attribution":null},{"id":4,"name":"Email Server","description":"Our Admin, Mickey, has graciously helped us move away from useless email clients like Outlook and Gmail into a more direct and easier to use client. Intern Stewie also set up a beautiful login page for us to use and sign into our emails. I can finally send emails without those people working in Google or Microsoft looking at the information I send!\r\n\r\nThat reminds me, I need to ask Stewie to find a way to hide sensitive information in our emails so that no one can find out what I\u2019m talking about!","max_attempts":3,"value":1500,"category":"Linux","type":"standard","state":"visible","requirements":{"prerequisites":[1]},"connection_info":null,"next_id":null,"attribution":null},{"id":5,"name":"Vault Server","description":"I told Manager Mike to move my secret book to a more secure place. I heard about this new technology called \u201cDocker\u201d and felt like it had to be done. Hopefully it isn\u2019t rushed, but I told them to do it as quickly as possible.\r\n\r\nAs long as my book is secure. That\u2019s all that matters.","max_attempts":3,"value":2000,"category":"Linux","type":"standard","state":"visible","requirements":{"prerequisites":[1]},"connection_info":null,"next_id":null,"attribution":null},{"id":6,"name":"Intern Workstation","description":"Something old, something new,\u00a0something borrowed, ***something blue***\r\n\r\nOur intern, Stewie, just finished setting up his workstation and wow, is he proud of it. He says it\u2019s *\"vintage secure\"* and even bragged that his Windows 7 setup is \u201cimmune to modern threats.\u201d Adorable, right?\r\n\r\nHe also mentioned something about disabling updates because they were \u201cslowing things down.\u201d Classic Stewie.\r\n\r\nAnyway, he\u2019s been working hard, so we gave him access to some shared files and let him connect to the internal network. I\u2019m sure it\u2019s fine.\r\n\r\nMind taking a quick look just to\u2026 you know, double check?","max_attempts":3,"value":1000,"category":"Windows","type":"standard","state":"visible","requirements":{"prerequisites":[1]},"connection_info":null,"next_id":null,"attribution":null},{"id":7,"name":"Management Server","description":"Mickey said we needed a \u201crobust identity solution\u201d for our small but growing team, so we let him build us a shiny new management server. Now everyone logs in through the \u201ccorporate domain\u201d which apparently makes us *very enterprise*.\r\n\r\nHe swears it\u2019s secure because \u201cthe login page has our company logo on it.\u201d\r\n\r\nAnyway, I don\u2019t know what \u201cLDAP\u201d is, but I saw the interns poking around with it earlier. Also, Mickey insists passwords should be easy to remember, like your favorite food or your Minecraft username.\r\n\r\nYou should take a look before someone starts selling our passwords on Discord again.","max_attempts":3,"value":1500,"category":"Windows","type":"standard","state":"visible","requirements":{"prerequisites":[1]},"connection_info":null,"next_id":null,"attribution":null},{"id":8,"name":"Certificate Server","description":"Mickey told Stewie that digital certificates were the future of authentication, so Stewie spent an entire afternoon \"modernizing\" our server by copying settings he found on Reddit. Now apparently anyone can \u201cenroll\u201d for a certificate if they just say pretty please.\r\n\r\nMickey swears this setup is enterprise-grade because it \"uses TLS.\"","max_attempts":3,"value":2000,"category":"Windows","type":"standard","state":"visible","requirements":{"prerequisites":[1]},"connection_info":null,"next_id":null,"attribution":null},{"id":9,"name":"BONUS: Google","description":"","max_attempts":3,"value":100,"category":"Linux","type":"standard","state":"visible","requirements":{"prerequisites":[1]},"connection_info":null,"next_id":null,"attribution":null},{"id":10,"name":"BONUS: Sensitive","description":"","max_attempts":3,"value":250,"category":"Linux","type":"standard","state":"visible","requirements":{"prerequisites":[1]},"connection_info":null,"next_id":null,"attribution":null},{"id":11,"name":"BONUS: Picture","description":"","max_attempts":3,"value":500,"category":"Linux","type":"standard","state":"visible","requirements":{"prerequisites":[1]},"connection_info":null,"next_id":null,"attribution":null},{"id":12,"name":"BONUS: It's Secure!","description":"","max_attempts":3,"value":250,"category":"Linux","type":"standard","state":"visible","requirements":{"prerequisites":[1]},"connection_info":null,"next_id":null,"attribution":null},{"id":13,"name":"BONUS: Interns will in fact pull an Intern","description":"","max_attempts":0,"value":250,"category":"Windows","type":"standard","state":"visible","requirements":{"prerequisites":[1]},"connection_info":null,"next_id":null,"attribution":null},{"id":14,"name":"BONUS: SMB Enumeration","description":"","max_attempts":3,"value":100,"category":"Windows","type":"standard","state":"visible","requirements":{"prerequisites":[1]},"connection_info":null,"next_id":null,"attribution":null},{"id":15,"name":"BONUS: Lucy has no Luck","description":"","max_attempts":0,"value":500,"category":"Windows","type":"standard","state":"visible","requirements":{"prerequisites":[1]},"connection_info":null,"next_id":null,"attribution":null},{"id":16,"name":"BONUS: Descriptions can be revealing","description":"","max_attempts":3,"value":500,"category":"Windows","type":"standard","state":"visible","requirements":{"prerequisites":[1]},"connection_info":null,"next_id":null,"attribution":null},{"id":17,"name":"BONUS: No Pay","description":"","max_attempts":0,"value":500,"category":"Linux","type":"standard","state":"visible","requirements":{"prerequisites":[1]},"connection_info":null,"next_id":null,"attribution":null},{"id":18,"name":"Report Submissions","description":"We need to know how you find your findings and why you did what you did to find them! A simple report stating your process with screenshots would be nice. A general overview of a box and what you did would be nice as well. Tell us what tools you used whther that be pre-installed, AI, or an outside application. \r\n\r\nTreat this like you would an official report :)\r\n\r\nSubmit your report in your team chat and @Researchers when complete. ","max_attempts":0,"value":0,"category":"Final","type":"standard","state":"hidden","requirements":null,"connection_info":null,"next_id":null,"attribution":null},{"id":19,"name":"Report Submissions","description":"We need to know how you find your findings and why you did what you did to find them! A simple report stating your process with screenshots would be nice. A general overview of a box and what you did would be nice as well. Tell us what tools you used whther that be pre-installed, AI, or an outside application. \r\n\r\nTreat this like you would an official report :)\r\n\r\nLink to a template: https://sherlock.criticalinfrastructuresecurity.org/files/774ca11b5b98d7dbd07b2d3240b5a795/Pentest_Template.docx\r\n\r\nSubmit your report in your team chat and @Researchers when complete. To submit the flag use this \r\nCTF{We_Love_Intern_Stewie}","max_attempts":0,"value":0,"category":"Final","type":"standard","state":"hidden","requirements":null,"connection_info":null,"next_id":null,"attribution":null}],"meta":{}}