{"count":6,"results":[{"id":1,"type":"page","location":"10c0d7d6a6c563baf7889a601a0b478a/Untitled_1.png","challenge_id":null,"page_id":null,"sha1sum":"4eb5d52722a015a2078327af54893b3557dc0b12"},{"id":2,"type":"standard","location":"85a0b8f3d3ea775e89a1d986cc593cf3/Untitled_1.png","challenge_id":null,"page_id":null,"sha1sum":"4eb5d52722a015a2078327af54893b3557dc0b12"},{"id":3,"type":"page","location":"774ca11b5b98d7dbd07b2d3240b5a795/Pentest_Template.docx","challenge_id":null,"page_id":null,"sha1sum":"cee9c0c4f7168bbf0b95f3357913ed469f2118b7"},{"id":4,"type":"standard","location":"57904a3bac66e814dd7946d2a27d8dde/ChatGPT_Image_May_2_2025_01_17_33_PM.png","challenge_id":null,"page_id":null,"sha1sum":"f4563296c58cddde0a302f4b0ea1d626ab62fd31"},{"id":5,"type":"standard","location":"8f7e218a523ff113f5e1c570e6e2041c/logo_32x32.png","challenge_id":null,"page_id":null,"sha1sum":"605ba0d2df0197cf0adf8f5e7c3cacc4e7a0f69d"},{"id":6,"type":"standard","location":"dc314df2b8e328d7e41da344bcd28164/logo_32x32.png","challenge_id":null,"page_id":null,"sha1sum":"605ba0d2df0197cf0adf8f5e7c3cacc4e7a0f69d"}],"meta":{}}