{"count":17,"results":[{"id":1,"challenge_id":1,"type":"static","content":"CTF{GAME_IS_AFOOT}","data":""},{"id":2,"challenge_id":2,"type":"static","content":"FLAG{You_Trust_The_Intern_Too_Much}","data":""},{"id":3,"challenge_id":4,"type":"static","content":"FLAG{If_You_Give_A_Moose_A_Muffin_>_If_You_Give_A_Mouse_A_Cookie}","data":""},{"id":4,"challenge_id":5,"type":"static","content":"FLAG{Old_Habits_Die_Hard}","data":""},{"id":5,"challenge_id":6,"type":"static","content":"CTF{ETERNALBLUE_PWNAGE}","data":""},{"id":6,"challenge_id":7,"type":"static","content":"CTF{QUITE_ROASTABLE}","data":""},{"id":7,"challenge_id":8,"type":"static","content":"CTF{BEAUTIFULLY_MISCONFIGURED]","data":""},{"id":8,"challenge_id":9,"type":"static","content":"FLAG{All_he_had_to_do_was_google_it?}","data":""},{"id":9,"challenge_id":10,"type":"static","content":"FLAG{ThisButSensitiveInformationYeah?}","data":""},{"id":10,"challenge_id":11,"type":"static","content":"FLAG{Put_A_Password_On_The_Picture_Next_Time}","data":""},{"id":11,"challenge_id":12,"type":"static","content":"CTF{Docker_Is_Secure}","data":""},{"id":12,"challenge_id":13,"type":"static","content":"CTF{INTERNS_GONNA_INTERN}","data":""},{"id":13,"challenge_id":14,"type":"static","content":"CTF{SMB_ENUMERATION}","data":""},{"id":14,"challenge_id":15,"type":"static","content":"CTF{UNLUCKY_LUCY}","data":""},{"id":15,"challenge_id":16,"type":"static","content":"CTF{CHECK_YO_DESCS}","data":""},{"id":16,"challenge_id":17,"type":"static","content":"FLAG{Stewie = No pay.}","data":""},{"id":17,"challenge_id":19,"type":"static","content":"CTF{We_Love_Intern_Stewie}","data":"case_insensitive"}],"meta":{}}