{"count":3,"results":[{"id":1,"title":"Jr. Penetration Testing Competition","route":"index","content":"<!DOCTYPE html>\r\n<html lang=\"en\">\r\n<head>\r\n    <meta charset=\"UTF-8\">\r\n    <meta name=\"viewport\" content=\"width=device-width, initial-scale=1.0\">\r\n    <link rel=\"icon\" href=\"/path/to/your/custom-icon.ico\">\r\n    <title>Bibliophile CTF</title>\r\n    <link href=\"https://cdn.jsdelivr.net/npm/bootstrap@5.3.2/dist/css/bootstrap.min.css\" rel=\"stylesheet\">\r\n    <style>\r\n        .content-wrapper {\r\n            padding-top: 14vh;\r\n            display: flex;\r\n            flex-direction: column;\r\n            align-items: center;\r\n            text-align: center;\r\n        }\r\n        .content-wrapper img {\r\n            max-width: 500px;\r\n            margin-bottom: 30px;\r\n        }\r\n    </style>\r\n</head>\r\n<body>\r\n    <div class=\"container content-wrapper\">\r\n        <img src=\"/files/10c0d7d6a6c563baf7889a601a0b478a/Untitled_1.png\" alt=\"Bibliophile Logo\">\r\n        <h3>Thank you for helping our local nonprofit library, <strong>Bibliophile</strong>, improve its security posture.<br>\r\n            As we prepare to open to the public, ensuring the protection of our sensitive files is critical.<br>\r\n            We've provided you access to our network\u2014your goal is to uncover any information that should remain confidential. Good luck!</h3>\r\n    </div>\r\n    <script src=\"https://cdn.jsdelivr.net/npm/bootstrap@5.3.2/dist/js/bootstrap.bundle.min.js\"></script>\r\n</body>\r\n</html>\r\n","draft":0,"hidden":0,"auth_required":0,"format":"markdown","link_target":null},{"id":2,"title":"Resources","route":"resources","content":"<div class=\"container\" style=\"padding-top: 100px; text-align: center;\">\r\n  <h2>Reference Guides</h2>\r\n  <ul>\r\n    <li><a href=\"https://www.notion.so/Reference-Guides-1e50e47d4808807e839fc9d9102322f9\" target=\"_blank\">Notion: Reference Guides</a></li>\r\n  </ul>\r\n  <h2>Findings Template</h2>\r\n<ul>\r\n  <li><a href=\"/files/774ca11b5b98d7dbd07b2d3240b5a795/Pentest_Template.docx\" download>Download Findings Template (DOCX)</a></li>\r\n</ul>\r\n\r\n  <h2>Relevant Links</h2>\r\n  <ul>\r\n    <li><a href=\"https://book.hacktricks.wiki/en/index.html\" target=\"_blank\">HackTricks Wiki</a></li>\r\n    <li><a href=\"https://github.com/swisskyrepo/PayloadsAllTheThings\" target=\"_blank\">PayloadsAllTheThings (GitHub)</a></li>\r\n    <li><a href=\"https://www.thehacker.recipes/\" target=\"_blank\">The Hacker Recipes</a></li>\r\n    <li><a href=\"https://tryhackme.com/path/outline/cybersecurity101\" target=\"_blank\">TryHackMe: Cybersecurity 101 Path</a></li>\r\n  </ul>\r\n</div>","draft":0,"hidden":0,"auth_required":0,"format":"markdown","link_target":null},{"id":3,"title":"Get Started","route":"startingpoint","content":"\r\n#\r\n#\r\n#\r\n# Accessing the Machines\r\n\r\nThe Network is segmented by groups. ou may only interact with systems within your assigned network/subnet of 192.168.10X.0, where X is your group number. Below are the group numbers:\r\n\r\nGroup 1: Teams 1, 2, 3\r\n\r\nGroup 2: Teams 4, 5, 6\r\n\r\nGroup 3: Teams 7, 8, 9\r\n\r\nGroup 4: Teams 10, 11, 12\r\n\r\nGroup 5: Teams 13, 14, 15\r\n\r\n Example:\r\n           Team 1 \u2794 192.168.101.X\r\n           \r\nTeam 10 \u2794 192.168.104.X\r\n\r\nAccessing or interfering with other groups\u2019 subnets is prohibited.\r\n\r\n\r\nWe have one public facing website:\r\n**Library Terminal**: 192.168.10X.2:5000\r\n\r\n**We also have a few background machines our employees use. I\u2019m not sure what the numbers for those are, but you\u2019re a professional so I\u2019m sure you can find it** Generally, I was told we have 3 Linux Machines and 3 Windows Machines... hopefully that information helps you.\r\n\r\nWe\u2019re working with a guy overseas to make the numbers into words with something called DNS, but until then, we\u2019ll have to work with the numbers only. Let us know what you find!\r\n\r\nYou can do whatever you need to gain access to the machines and find sensitive information. Just try not to destroy the machine... we worked hard on them. If you do, just let the intern know.\r\n\r\n# Scoring - How to submit your findings (Challenges):\r\n\r\nYou will be scored based on the flags you find during your engagement. These flags should be found naturally as your progress through your Pentest. There are two types of flags:\r\n\r\n**Objective Flag (1 per machine)** - Proves you have successfully exploited the system in the intended way.\r\n\r\n**The Bonus Flags:** These flags scattered around the box. You may find these by doing additional exploration or exploiting something that was directly intended. The format for these flags is typically random and can be associated with their hint. For example, if the hint is \u201cPineapple\u201d and the Flag is CTF{Apples_are_worse_than_Pineapples} then that is the bonus flag for that hint.\r\n\r\nNear the end of the exercise, you\u2019ll report how you found your findings. Your methodology, process, and thoughts will be evaluated by Bibliophile to see if you did your job properly \ud83d\ude0a","draft":0,"hidden":0,"auth_required":0,"format":"markdown","link_target":null}],"meta":{}}