{"count":99,"results":[{"id":1,"challenge_id":1,"user_id":1,"team_id":1},{"id":4,"challenge_id":1,"user_id":2,"team_id":2},{"id":5,"challenge_id":1,"user_id":5,"team_id":3},{"id":6,"challenge_id":1,"user_id":9,"team_id":5},{"id":7,"challenge_id":1,"user_id":10,"team_id":6},{"id":8,"challenge_id":1,"user_id":8,"team_id":4},{"id":11,"challenge_id":1,"user_id":14,"team_id":7},{"id":13,"challenge_id":1,"user_id":15,"team_id":8},{"id":14,"challenge_id":9,"user_id":6,"team_id":2},{"id":16,"challenge_id":1,"user_id":16,"team_id":9},{"id":19,"challenge_id":1,"user_id":21,"team_id":10},{"id":21,"challenge_id":1,"user_id":22,"team_id":11},{"id":23,"challenge_id":1,"user_id":26,"team_id":12},{"id":24,"challenge_id":14,"user_id":4,"team_id":4},{"id":25,"challenge_id":14,"user_id":17,"team_id":9},{"id":26,"challenge_id":9,"user_id":5,"team_id":3},{"id":28,"challenge_id":9,"user_id":14,"team_id":7},{"id":29,"challenge_id":2,"user_id":9,"team_id":5},{"id":37,"challenge_id":9,"user_id":21,"team_id":10},{"id":38,"challenge_id":6,"user_id":4,"team_id":4},{"id":39,"challenge_id":6,"user_id":20,"team_id":10},{"id":40,"challenge_id":2,"user_id":12,"team_id":3},{"id":41,"challenge_id":14,"user_id":26,"team_id":12},{"id":43,"challenge_id":6,"user_id":16,"team_id":9},{"id":45,"challenge_id":6,"user_id":15,"team_id":8},{"id":46,"challenge_id":1,"user_id":34,"team_id":13},{"id":47,"challenge_id":9,"user_id":34,"team_id":13},{"id":49,"challenge_id":14,"user_id":29,"team_id":5},{"id":50,"challenge_id":16,"user_id":17,"team_id":9},{"id":51,"challenge_id":14,"user_id":10,"team_id":6},{"id":53,"challenge_id":13,"user_id":29,"team_id":5},{"id":54,"challenge_id":6,"user_id":2,"team_id":2},{"id":57,"challenge_id":16,"user_id":15,"team_id":8},{"id":62,"challenge_id":2,"user_id":20,"team_id":10},{"id":63,"challenge_id":2,"user_id":2,"team_id":2},{"id":66,"challenge_id":10,"user_id":20,"team_id":10},{"id":68,"challenge_id":10,"user_id":34,"team_id":13},{"id":69,"challenge_id":2,"user_id":4,"team_id":4},{"id":70,"challenge_id":6,"user_id":22,"team_id":11},{"id":71,"challenge_id":12,"user_id":9,"team_id":5},{"id":74,"challenge_id":10,"user_id":8,"team_id":4},{"id":78,"challenge_id":10,"user_id":9,"team_id":5},{"id":79,"challenge_id":6,"user_id":27,"team_id":12},{"id":85,"challenge_id":16,"user_id":28,"team_id":12},{"id":87,"challenge_id":14,"user_id":19,"team_id":10},{"id":88,"challenge_id":2,"user_id":34,"team_id":13},{"id":89,"challenge_id":17,"user_id":13,"team_id":5},{"id":91,"challenge_id":10,"user_id":5,"team_id":3},{"id":103,"challenge_id":16,"user_id":22,"team_id":11},{"id":104,"challenge_id":10,"user_id":11,"team_id":6},{"id":105,"challenge_id":2,"user_id":26,"team_id":12},{"id":107,"challenge_id":10,"user_id":7,"team_id":2},{"id":108,"challenge_id":12,"user_id":8,"team_id":4},{"id":111,"challenge_id":16,"user_id":4,"team_id":4},{"id":112,"challenge_id":14,"user_id":6,"team_id":2},{"id":113,"challenge_id":9,"user_id":26,"team_id":12},{"id":114,"challenge_id":15,"user_id":15,"team_id":8},{"id":116,"challenge_id":15,"user_id":4,"team_id":4},{"id":117,"challenge_id":6,"user_id":34,"team_id":13},{"id":118,"challenge_id":15,"user_id":16,"team_id":9},{"id":119,"challenge_id":11,"user_id":13,"team_id":5},{"id":120,"challenge_id":4,"user_id":9,"team_id":5},{"id":121,"challenge_id":14,"user_id":35,"team_id":13},{"id":122,"challenge_id":15,"user_id":27,"team_id":12},{"id":123,"challenge_id":6,"user_id":10,"team_id":6},{"id":124,"challenge_id":17,"user_id":7,"team_id":2},{"id":129,"challenge_id":6,"user_id":14,"team_id":7},{"id":130,"challenge_id":2,"user_id":11,"team_id":6},{"id":131,"challenge_id":14,"user_id":14,"team_id":7},{"id":132,"challenge_id":11,"user_id":21,"team_id":10},{"id":133,"challenge_id":4,"user_id":7,"team_id":2},{"id":135,"challenge_id":4,"user_id":5,"team_id":3},{"id":138,"challenge_id":16,"user_id":32,"team_id":7},{"id":139,"challenge_id":7,"user_id":4,"team_id":4},{"id":144,"challenge_id":4,"user_id":20,"team_id":10},{"id":145,"challenge_id":11,"user_id":12,"team_id":3},{"id":146,"challenge_id":7,"user_id":28,"team_id":12},{"id":147,"challenge_id":15,"user_id":19,"team_id":10},{"id":148,"challenge_id":11,"user_id":36,"team_id":13},{"id":150,"challenge_id":12,"user_id":11,"team_id":6},{"id":151,"challenge_id":13,"user_id":4,"team_id":4},{"id":153,"challenge_id":13,"user_id":10,"team_id":6},{"id":154,"challenge_id":7,"user_id":18,"team_id":9},{"id":156,"challenge_id":4,"user_id":34,"team_id":13},{"id":157,"challenge_id":17,"user_id":11,"team_id":6},{"id":159,"challenge_id":7,"user_id":20,"team_id":10},{"id":160,"challenge_id":14,"user_id":31,"team_id":11},{"id":161,"challenge_id":19,"user_id":19,"team_id":10},{"id":162,"challenge_id":12,"user_id":3,"team_id":3},{"id":164,"challenge_id":12,"user_id":22,"team_id":11},{"id":165,"challenge_id":19,"user_id":4,"team_id":4},{"id":166,"challenge_id":9,"user_id":8,"team_id":4},{"id":167,"challenge_id":6,"user_id":29,"team_id":5},{"id":168,"challenge_id":11,"user_id":6,"team_id":2},{"id":170,"challenge_id":9,"user_id":15,"team_id":8},{"id":177,"challenge_id":10,"user_id":26,"team_id":12},{"id":178,"challenge_id":19,"user_id":27,"team_id":12},{"id":179,"challenge_id":19,"user_id":2,"team_id":2},{"id":185,"challenge_id":5,"user_id":22,"team_id":11}],"meta":{}}