{"count":50,"results":[{"id":1,"user_id":1,"team_id":1,"target":10,"date":"2025-05-01T20:07:16.743564","type":"hints"},{"id":2,"user_id":1,"team_id":1,"target":11,"date":"2025-05-01T20:07:22.808202","type":"hints"},{"id":3,"user_id":1,"team_id":1,"target":12,"date":"2025-05-01T20:07:29.618672","type":"hints"},{"id":4,"user_id":1,"team_id":1,"target":4,"date":"2025-05-02T21:19:05.141273","type":"hints"},{"id":5,"user_id":1,"team_id":1,"target":6,"date":"2025-05-02T21:21:20.076880","type":"hints"},{"id":6,"user_id":1,"team_id":1,"target":5,"date":"2025-05-02T21:21:26.949150","type":"hints"},{"id":7,"user_id":10,"team_id":6,"target":10,"date":"2025-05-03T14:38:56.540461","type":"hints"},{"id":8,"user_id":15,"team_id":8,"target":10,"date":"2025-05-03T15:01:01.894160","type":"hints"},{"id":9,"user_id":15,"team_id":8,"target":11,"date":"2025-05-03T15:02:56.989972","type":"hints"},{"id":10,"user_id":15,"team_id":8,"target":12,"date":"2025-05-03T15:25:04.215507","type":"hints"},{"id":11,"user_id":17,"team_id":9,"target":10,"date":"2025-05-03T15:56:59.691687","type":"hints"},{"id":12,"user_id":26,"team_id":12,"target":1,"date":"2025-05-03T16:03:34.906121","type":"hints"},{"id":13,"user_id":15,"team_id":8,"target":1,"date":"2025-05-03T16:07:35.045950","type":"hints"},{"id":14,"user_id":11,"team_id":6,"target":1,"date":"2025-05-03T16:52:00.873943","type":"hints"},{"id":15,"user_id":11,"team_id":6,"target":2,"date":"2025-05-03T16:54:37.779590","type":"hints"},{"id":16,"user_id":11,"team_id":6,"target":3,"date":"2025-05-03T16:54:39.995038","type":"hints"},{"id":17,"user_id":11,"team_id":6,"target":4,"date":"2025-05-03T16:56:33.777578","type":"hints"},{"id":18,"user_id":15,"team_id":8,"target":13,"date":"2025-05-03T17:03:24.338506","type":"hints"},{"id":19,"user_id":7,"team_id":2,"target":1,"date":"2025-05-03T17:29:33.173772","type":"hints"},{"id":20,"user_id":15,"team_id":8,"target":14,"date":"2025-05-03T17:38:16.904173","type":"hints"},{"id":21,"user_id":5,"team_id":3,"target":4,"date":"2025-05-03T18:17:06.059679","type":"hints"},{"id":22,"user_id":15,"team_id":8,"target":15,"date":"2025-05-03T18:17:51.770958","type":"hints"},{"id":23,"user_id":18,"team_id":9,"target":13,"date":"2025-05-03T19:07:24.723004","type":"hints"},{"id":24,"user_id":18,"team_id":9,"target":14,"date":"2025-05-03T19:07:32.121768","type":"hints"},{"id":25,"user_id":18,"team_id":9,"target":15,"date":"2025-05-03T19:07:42.072878","type":"hints"},{"id":26,"user_id":7,"team_id":2,"target":4,"date":"2025-05-03T19:33:17.031013","type":"hints"},{"id":27,"user_id":7,"team_id":2,"target":5,"date":"2025-05-03T19:33:26.838978","type":"hints"},{"id":28,"user_id":5,"team_id":3,"target":5,"date":"2025-05-03T19:53:18.726218","type":"hints"},{"id":29,"user_id":11,"team_id":6,"target":16,"date":"2025-05-03T19:54:48.363820","type":"hints"},{"id":30,"user_id":7,"team_id":2,"target":6,"date":"2025-05-03T19:55:07.091880","type":"hints"},{"id":31,"user_id":7,"team_id":2,"target":7,"date":"2025-05-03T20:12:20.437061","type":"hints"},{"id":32,"user_id":11,"team_id":6,"target":5,"date":"2025-05-03T20:19:57.073366","type":"hints"},{"id":33,"user_id":2,"team_id":2,"target":13,"date":"2025-05-03T20:29:31.061857","type":"hints"},{"id":34,"user_id":5,"team_id":3,"target":7,"date":"2025-05-03T20:29:40.773852","type":"hints"},{"id":35,"user_id":10,"team_id":6,"target":13,"date":"2025-05-03T20:34:36.238036","type":"hints"},{"id":36,"user_id":7,"team_id":2,"target":14,"date":"2025-05-03T21:03:49.673864","type":"hints"},{"id":37,"user_id":10,"team_id":6,"target":14,"date":"2025-05-03T21:03:59.443927","type":"hints"},{"id":38,"user_id":15,"team_id":8,"target":2,"date":"2025-05-03T21:04:42.496961","type":"hints"},{"id":39,"user_id":36,"team_id":13,"target":7,"date":"2025-05-03T21:05:20.917243","type":"hints"},{"id":40,"user_id":10,"team_id":6,"target":17,"date":"2025-05-03T21:05:29.643298","type":"hints"},{"id":41,"user_id":10,"team_id":6,"target":15,"date":"2025-05-03T21:06:11.343422","type":"hints"},{"id":42,"user_id":6,"team_id":2,"target":16,"date":"2025-05-03T21:06:13.006996","type":"hints"},{"id":43,"user_id":32,"team_id":7,"target":1,"date":"2025-05-03T21:10:02.717129","type":"hints"},{"id":44,"user_id":32,"team_id":7,"target":2,"date":"2025-05-03T21:10:46.515456","type":"hints"},{"id":45,"user_id":16,"team_id":9,"target":4,"date":"2025-05-03T21:15:45.162351","type":"hints"},{"id":46,"user_id":7,"team_id":2,"target":15,"date":"2025-05-03T21:16:30.252924","type":"hints"},{"id":47,"user_id":32,"team_id":7,"target":3,"date":"2025-05-03T21:21:59.998871","type":"hints"},{"id":48,"user_id":15,"team_id":8,"target":3,"date":"2025-05-03T21:35:02.006968","type":"hints"},{"id":49,"user_id":5,"team_id":3,"target":8,"date":"2025-05-03T21:51:03.422287","type":"hints"},{"id":50,"user_id":5,"team_id":3,"target":9,"date":"2025-05-03T21:51:14.965656","type":"hints"}],"meta":{}}